createdAt,company,country,city,role,companyYears,expYears,grossSalary,netSalary,currency,gender
23/08/2017 17:25:02,Self-Employed,Italy,Florence,Other,3,4,21800,17000,EUR,Male
23/08/2017 18:27:55,,Denmark,Aarhus,Other,>5,>10,90000,41000,USD,Male
23/08/2017 18:33:21,,Germany,Hannover,Backend Developer,<1,1,25000,15600,EUR,Male
23/08/2017 18:36:41,,Sweden,Stockholm,Embedded Systems Engineer,>5,>10,588000,478000,SEK,Male
23/08/2017 18:47:18,Blue Yeti,France,Bordeaux,R&D Engineer,3,3,26000,20000,EUR,Male
23/08/2017 18:59:56,,Portugal,Lisbon,Mobile Developer,1,4,27440,23100,EUR,Male
23/08/2017 21:18:15,,Spain,Barcelona,Technical Lead,<1,6,30000,23000,EUR,Male
24/08/2017 08:50:47,,Spain,Valencia,Mobile Developer,1,1,26000,21000,EUR,Male
24/08/2017 11:55:38,,Italy,Bolzano,Software Architect,3,3,48400,24200,EUR,Male
24/08/2017 12:14:44,,United Kingdom,London,Other,1,5,80000,105000,EUR,Male
24/08/2017 12:15:05,,Germany,Frankfurt,Other,1,6,65000,40000,EUR,Female
24/08/2017 12:15:12,Chiaro,United Kingdom,London,Backend Developer,<1,>10,50000,36000,EUR,Male
24/08/2017 12:15:31,,Latvia,Riga,Data Engineer,1,4,56000,36000,EUR,Male
24/08/2017 12:15:53,,Netherlands,Eindhoven,Other,5,5,46000,27000,EUR,Male
24/08/2017 12:16:18,Green Fox Academy,Hungary,Budapest,Other,1,10,29683,18997,EUR,Male
24/08/2017 12:16:25,Reply,Italy,Rome,Other,1,1,22000,17000,EUR,Male
24/08/2017 12:16:30,Self-Employed,Germany,Berlin,Full Stack Developer,>5,>10,70000,30000,EUR,Male
24/08/2017 12:16:31,,Poland,Gdańsk,Backend Developer,1,2,82800,48000,PLN,Male
24/08/2017 12:17:01,Watchmasters Gmbh.,Germany,Berlin,Frontend Developer,1,6,56000,34000,EUR,Male
24/08/2017 12:17:03,,United Kingdom,London,Other,1,>10,65000,40000,GBP,Male
24/08/2017 12:17:36,,Netherlands,Amsterdam,Other,1,3,44000,32000,EUR,Male
24/08/2017 12:17:38,,Slovenia,Ljubljana,Technical Lead,1,>10,43000,36000,EUR,Male
24/08/2017 12:17:43,,Sweden,Malmö,Backend Developer,1,6,416400,306240,SEK,Male
24/08/2017 12:17:55,,Austria,Graz,Other,1,1,45000,30000,EUR,Other
24/08/2017 12:18:01,Sabre,Poland,Kraków,Technical Lead,4,10,44000,33320,EUR,Male
24/08/2017 12:18:12,,Romania,Cluj-Napoca,Other,1,7,53000,38000,EUR,Male
24/08/2017 12:18:47,Truecaller,Sweden,Stockholm,Backend Developer,<1,7,70500,47650,EUR,Male
24/08/2017 12:18:56,,United Kingdom,London,Mobile Developer,<1,2,40000,40000,EUR,Male
24/08/2017 12:19:13,,Croatia,Zagreb,Mobile Developer,3,3,17180,12000,EUR,Male
24/08/2017 12:19:15,,France,Nice,Data Scientist,<1,5,45000,34650,EUR,Male
24/08/2017 12:19:15,University,Netherlands,The Hague,Data Analyst,2,8,54000,36000,EUR,Male
24/08/2017 12:19:21,,United Kingdom,Manchester,Other,4,>10,43000,36400,GBP,Male
24/08/2017 12:19:23,In,Poland,Poznań,Frontend Developer,1,5,204000,156000,PLN,Male
24/08/2017 12:19:41,,Sweden,Stockholm,Other,5,>10,540000,372000,SEK,Male
24/08/2017 12:19:53,,Portugal,Lisbon,Other,3,3,39000,27605,EUR,Male
24/08/2017 12:19:58,,United Kingdom,Glasgow,Other,1,1,25500,20600,EUR,Male
24/08/2017 12:20:38,,Lithuania,Vilnius,Other,1,>10,36000,30600,EUR,Male
24/08/2017 12:20:44,,Estonia,Tallinn,Other,3,6,38400,30000,EUR,Male
24/08/2017 12:20:45,,Netherlands,Amsterdam,Other,<1,2,48000,38000,EUR,Male
24/08/2017 12:20:54,Zalando,Germany,Berlin,Other,1,>10,70000,42000,EUR,Male
24/08/2017 12:21:06,,Spain,Barcelona,Frontend Developer,<1,4,33000,27240,EUR,Male
24/08/2017 12:21:07,,Portugal,Lisbon,Other,2,6,36000,27000,EUR,Male
24/08/2017 12:21:22,,Germany,Munich,Other,2,8,55000,32400,EUR,Male
24/08/2017 12:21:26,,France,Rouen,Full Stack Developer,1,2,31680,23886,EUR,Male
24/08/2017 12:21:27,Reply,Italy,Padua,Other,>5,6,33000,22700,EUR,Male
24/08/2017 12:21:41,Mendix,Netherlands,Rotterdam,Other,1,5,51000,40000,EUR,Male
24/08/2017 12:21:53,Self-Employed,Bulgaria,Sofia,Other,1,3,48000,38400,EUR,Male
24/08/2017 12:21:54,,Greece,Athens,Other,1,3,30000,21000,EUR,Male
24/08/2017 12:22:22,,United Kingdom,Swansea,Technical Lead,2,>10,48960,36176,GBP,Male
24/08/2017 12:22:34,,Denmark,Copenhagen,Frontend Developer,1,3,51630,32526,EUR,Male
24/08/2017 12:22:44,,Austria,Vienna,Data Engineer,1,4,60000,38339,EUR,Male
24/08/2017 12:22:49,,Germany,Berlin,Other,>5,>10,35000,2000,EUR,Male
24/08/2017 12:23:07,,Spain,Madrid,Software Architect,3,10,48000,40000,EUR,Male
24/08/2017 12:23:19,,Poland,Toruń,Other,<1,4,38000,30000,EUR,Male
24/08/2017 12:23:24,,Finland,Helsinki,Other,2,2,26400,20000,EUR,Male
24/08/2017 12:24:12,Allied Irish Bank,Ireland,Dublin,DevOps,1,3,36000,27960,EUR,Male
24/08/2017 12:24:50,,Lithuania,Kaunas,Other,4,4,44000,35000,EUR,Male
24/08/2017 12:25:00,,Italy,Padua,Full Stack Developer,4,7,40000,24000,EUR,Male
24/08/2017 12:25:05,,Romania,Timisoara,Full Stack Developer,1,3,22128,18133,EUR,Male
24/08/2017 12:25:07,,United Kingdom,London,System Administrator,5,7,110000,70000,GBP,Male
24/08/2017 12:25:22,Denax,Slovakia,Bratislava,Other,1,5,15700,12200,EUR,Male
24/08/2017 12:26:11,,Ireland,Dublin,Other,>5,>10,80000,50000,EUR,Male
24/08/2017 12:26:28,,United Kingdom,London,Other,3,4,27400,22000,GBP,Male
24/08/2017 12:26:41,Philips Lighting,Netherlands,Eindhoven,Other,1,9,70000,54000,EUR,Male
24/08/2017 12:26:55,,Spain,Madrid,Mobile Developer,1,7,47250,34000,EUR,Male
24/08/2017 12:27:04,,Romania,Bucharest,Backend Developer,<1,3,24400,20300,EUR,Male
24/08/2017 12:27:34,,Latvia,Riga,Other,<1,3,13000,9000,EUR,Male
24/08/2017 12:27:51,,Italy,Milan,Full Stack Developer,<1,2,41800,20900,EUR,Male
24/08/2017 12:28:21,,United Kingdom,London,Other,2,5,60000,42580,GBP,Male
24/08/2017 12:28:25,,Spain,Barcelona,Other,1,8,65000,40000,EUR,Male
24/08/2017 12:28:41,SMIT,Estonia,Tartu,Other,1,5,30000,24000,EUR,Male
24/08/2017 12:29:00,Red Hat Czech,Czech Republic,Brno,DevOps,5,10,635000,480000,CZK,Male
24/08/2017 12:29:10,,United Kingdom,Leeds,Other,1,5,35000,24000,EUR,Male
24/08/2017 12:29:23,,Spain,Barcelona,System Administrator,1,>10,36000,26000,EUR,Male
24/08/2017 12:29:39,,France,Grenoble,Systems Software Engineer,<1,6,42000,32500,EUR,Male
24/08/2017 12:30:10,EXXETA AG,Slovakia,Bratislava,Other,<1,7,30000,21600,EUR,Male
24/08/2017 12:30:24,,Germany,Berlin,Other,3,>10,75000,43500,EUR,Male
24/08/2017 12:30:30,,Netherlands,Amsterdam,Technical Lead,2,10,55000,30000,EUR,Male
24/08/2017 12:30:32,,Norway,Oslo,Other,<1,>10,850000,560000,EUR,Male
24/08/2017 12:30:36,,Poland,Zielona Gora,Designer,1,2,25790,19062,EUR,Male
24/08/2017 12:30:42,,Finland,Jyväskylä,Mobile Developer,2,6,27000,22000,EUR,Male
24/08/2017 12:30:47,,Ireland,Dublin,Other,<1,5,65000,43200,EUR,Male
24/08/2017 12:30:48,,Spain,Madrid,Technical Lead,5,10,42500,34000,EUR,Male
24/08/2017 12:31:05,,Germany,Berlin,Backend Developer,1,3,32500,20400,EUR,Male
24/08/2017 12:31:16,,Netherlands,Amsterdam,Technical Lead,5,8,57400,37000,EUR,Male
24/08/2017 12:33:20,,Portugal,Lisbon,Backend Developer,2,8,38000,24000,EUR,Male
24/08/2017 12:33:55,Reply SpA,Italy,Milan,Other,2,5,31000,21000,EUR,Male
24/08/2017 12:35:01,Priceline group,United Kingdom,Manchester,Other,1,3,40000,27000,GBP,Male
24/08/2017 12:35:12,,Poland,Poznań,Other,<1,3,55200,39265,PLN,Male
24/08/2017 12:35:33,,France,Paris,Other,1,3,48000,35000,EUR,Male
24/08/2017 12:35:39,Si14,Italy,Padua,Full Stack Developer,1,3,27000,20800,EUR,Male
24/08/2017 12:36:22,DpD,Hungary,Budapest,Other,<1,<1,20000,14000,EUR,Male
24/08/2017 12:36:29,Volvo,Sweden,Gothenburg,Other,1,1,31800,21000,EUR,Male
24/08/2017 12:37:19,Palantir,United Kingdom,London,Other,<1,<1,93000,61716,EUR,Male
24/08/2017 12:38:40,John Del,Greece,Athens,Backend Developer,1,7,48000,30000,EUR,Male
24/08/2017 12:39:14,,Germany,Berlin,Other,3,5,70000,45000,EUR,Male
24/08/2017 12:39:51,,United Kingdom,Manchester,Full Stack Developer,2,2,30000,23679,EUR,Male
24/08/2017 12:39:55,,Cyprus,Nicosia,Mobile Developer,1,3,18880,18880,EUR,Male
24/08/2017 12:40:03,Aqua Digital,Czech Republic,Prague,Technical Lead,1,>10,65000,50000,EUR,Male
24/08/2017 12:40:23,,Sweden,Stockholm,Other,2,10,450000,300000,SEK,Male
24/08/2017 12:40:34,QUEST,Luxembourg,Luxembourg,Other,>5,>10,72000,58000,EUR,Male
24/08/2017 12:40:53,,Sweden,Stockholm,Frontend Developer,<1,2,40340,28238,EUR,Female
24/08/2017 12:40:55,,United Kingdom,York,Other,>5,>10,42500,29325,GBP,Male
24/08/2017 12:41:10,,France,Paris,Technical Lead,2,5,50000,39000,EUR,Male
24/08/2017 12:41:33,CGM,Germany,Nuremberg,Other,5,>10,36000,17000,EUR,Male
24/08/2017 12:41:48,Sikana,France,Paris,Backend Developer,1,3,29616,22800,EUR,Male
24/08/2017 12:42:34,,France,Paris,Other,2,8,60000,54400,EUR,Male
24/08/2017 12:43:39,,Czech Republic,Prague,Other,<1,3,21500,16000,EUR,Male
24/08/2017 12:44:11,,Italy,Rome,Full Stack Developer,1,>10,31000,22000,EUR,Male
24/08/2017 12:44:40,0+X / Cmind AB,Sweden,Stockholm,Cloud Engineer,1,5,800000,500000,SEK,Male
24/08/2017 12:44:41,,Sweden,Stockholm,Other,3,5,582000,410000,SEK,Male
24/08/2017 12:44:46,,Germany,Munich,Embedded Systems Engineer,1,2,45000,27000,EUR,Male
24/08/2017 12:45:01,,Ireland,Dublin,Frontend Developer,2,>10,60000,38400,EUR,Male
24/08/2017 12:45:24,Palantir,United Kingdom,London,Other,2,2,111600,70000,EUR,Male
24/08/2017 12:46:16,,United Kingdom,London,Other,<1,2,43000,30000,EUR,Male
24/08/2017 12:48:01,,Spain,Bilbao,Other,1,8,65000,40000,EUR,Male
24/08/2017 12:48:50,University of Salford,United Kingdom,Manchester,Other,1,4,31000,24000,EUR,Male
24/08/2017 12:49:59,,Slovakia,Bratislava,Frontend Developer,3,3,28000,20400,EUR,Male
24/08/2017 12:51:17,,Finland,Helsinki,Technical Lead,3,8,50000,30000,EUR,Male
24/08/2017 12:51:17,Barclays,Czech Republic,Prague,Other,4,>10,63000,44400,EUR,Male
24/08/2017 12:53:19,,Italy,Brescia,Project Manager,1,7,40000,26000,EUR,Male
24/08/2017 12:53:29,,Germany,Esslingen,Other,3,3,24000,14400,EUR,Male
24/08/2017 12:53:34,Undisclosed,France,Paris,Backend Developer,1,8,55000,43000,EUR,Male
24/08/2017 12:53:36,,Germany,Aachen,Other,2,2,48000,30000,EUR,Male
24/08/2017 12:54:26,,United Kingdom,Cambridge,System Administrator,4,10,53000,37000,GBP,Male
24/08/2017 12:55:09,,Netherlands,Rotterdam,Other,2,2,23000,20400,EUR,Male
24/08/2017 12:56:18,,Bulgaria,Sofia,Technical Lead,>5,>10,42000,36000,EUR,Male
24/08/2017 12:57:01,,Estonia,Tallinn,Full Stack Developer,1,4,35000,24000,EUR,Male
24/08/2017 12:57:39,,United Kingdom,Southampton,Other,4,4,35000,24000,GBP,Male
24/08/2017 12:58:12,Undesclosed,Denmark,Copenhagen,Other,1,>10,120000,62000,EUR,Male
24/08/2017 12:58:13,Visma,Lithuania,Vilnius,Other,3,5,23800,13800,EUR,Male
24/08/2017 12:58:41,ND,Belgium,Brussels,Software Architect,2,>10,102000,60000,EUR,Male
24/08/2017 12:59:00,,Poland,Wroclaw,Full Stack Developer,<1,6,158000,96000,PLN,Male
24/08/2017 12:59:29,,Italy,Milan,Other,3,6,38000,25000,EUR,Male
24/08/2017 12:59:45,Altran BE,Belgium,Brussels,Other,<1,>10,49000,29000,EUR,Male
24/08/2017 13:00:28,,Italy,Rome,Chief Technology Officer (CTO),4,8,48000,38000,EUR,Male
24/08/2017 13:02:09,SBM,Croatia,Zagreb,Other,1,1,60000,35000,EUR,Male
24/08/2017 13:02:34,,Romania,Timisoara,Other,<1,3,20000,15500,EUR,Male
24/08/2017 13:02:35,,Finland,Turku,Other,1,5,58000,36500,EUR,Male
24/08/2017 13:02:38,Cliqz,Germany,Munich,Other,1,3,50000,32600,EUR,Male
24/08/2017 13:03:01,Google,United Kingdom,London,Other,1,<1,70000,50000,EUR,Male
24/08/2017 13:03:18,Expedia,France,Paris,Other,2,4,50000,37500,EUR,Male
24/08/2017 13:03:30,,Germany,Berlin,Frontend Developer,1,5,53000,31200,EUR,Male
24/08/2017 13:03:30,Intive,Poland,Wrocław,Other,3,10,40000,32000,USD,Male
24/08/2017 13:03:36,,Germany,Munich,Other,2,6,60000,35000,EUR,Male
24/08/2017 13:03:40,Axomic,United Kingdom,London,Other,<1,2,45000,33000,GBP,Male
24/08/2017 13:03:59,,Poland,Warsaw,Full Stack Developer,>5,>10,115000,75000,PLN,Male
24/08/2017 13:04:16,,Lithuania,Vilnius,Other,<1,5,31200,24000,EUR,Male
24/08/2017 13:05:47,,United Kingdom,East Midlands,Other,1,1,21000,17500,EUR,Male
24/08/2017 13:07:13,,Lithuania,Kaunas,DevOps,2,5,15000,12000,EUR,Male
24/08/2017 13:07:46,Bsquare,United Kingdom,Bristol,Other,2,2,35000,27000,GBP,Male
24/08/2017 13:08:11,Mehdi,France,Lyon,Data Scientist,1,2,35000,33000,EUR,Male
24/08/2017 13:08:38,WeltN24 GmbH,Germany,Berlin,Frontend Developer,>5,>10,50000,28000,EUR,Male
24/08/2017 13:08:56,,Germany,Munich,Other,4,8,68000,35000,EUR,Male
24/08/2017 13:09:12,,Poland,Warsaw,Software Architect,2,10,270000,193000,PLN,Male
24/08/2017 13:10:25,fbn,Italy,Ravenna,Technical Lead,>5,>10,36000,24700,EUR,Male
24/08/2017 13:10:55,Française des jeux,France,Paris,Frontend Developer,1,2,30000,21000,EUR,Male
24/08/2017 13:11:32,GitLab,Netherlands,Amsterdam,Other,2,7,55000,37000,EUR,Other
24/08/2017 13:13:53,,Germany,Berlin,Mobile Developer,<1,10,69000,42000,EUR,Male
24/08/2017 13:18:25,Knowit Oy,Finland,Helsinki,Full Stack Developer,2,4,37000,28000,EUR,Male
24/08/2017 13:18:46,Financial Force,Spain,Granada,Other,>5,10,25000,20000,EUR,Male
24/08/2017 13:19:49,,Ireland,Dublin,Other,<1,1,27000,23180,EUR,Male
24/08/2017 13:20:53,,France,Montpellier,Full Stack Developer,2,5,35000,26000,EUR,Male
24/08/2017 13:21:27,,Italy,Cagliari,Frontend Developer,1,>10,30000,20400,EUR,Male
24/08/2017 13:21:45,Piusi spa,Italy,Mantua,Full Stack Developer,1,3,24000,17000,EUR,Male
24/08/2017 13:22:02,,Denmark,Copenhagen,Other,2,6,534000,324000,DKK,Male
24/08/2017 13:26:01,,Lithuania,Vilnius,DevOps,2,10,40000,28400,EUR,Male
24/08/2017 13:26:43,,Germany,Berlin,Full Stack Developer,4,10,47000,28800,EUR,Male
24/08/2017 13:31:06,,Spain,Barcelona,Backend Developer,3,5,32000,24000,EUR,Male
24/08/2017 13:34:59,Orange,France,Lyon,Other,1,4,35000,28000,EUR,Male
24/08/2017 13:35:11,metchio,Italy,Bologna,Full Stack Developer,2,3,27000,19000,EUR,Male
24/08/2017 13:38:12,,Germany,Berlin,Embedded Systems Engineer,1,5,54000,30000,EUR,Male
24/08/2017 13:38:57,,Germany,Berlin,Other,2,5,60000,34937,EUR,Male
24/08/2017 13:39:10,Sigma Technology Hungary / Ericsson Hungary,Hungary,Budapest,Other,1,>10,31000,24000,EUR,Male
24/08/2017 13:41:05,Farminveste Serviços,Portugal,Sintra,Other,1,6,30000,21000,EUR,Male
24/08/2017 13:42:02,,Poland,Katowice,Mobile Developer,1,5,37000,25800,EUR,Male
24/08/2017 13:42:04,,Croatia,Zagreb,Other,1,7,36800,23200,EUR,Male
24/08/2017 13:42:15,,Italy,Catania,Backend Developer,1,1,15000,12000,EUR,Male
24/08/2017 13:46:19,,Switzerland,Zürich,Data Scientist,1,1,120000,102000,CHF,Male
24/08/2017 13:46:36,,Romania,Bucharest,Other,2,4,17000,13500,EUR,Male
24/08/2017 13:46:36,,Romania,Iasi,Backend Developer,1,5,17000,15000,EUR,Male
24/08/2017 13:47:09,Self-Employed,United Kingdom,Colchester,Software Architect,2,>10,65000,45000,GBP,Other
24/08/2017 13:48:04,,Germany,Hamburg,Full Stack Developer,4,6,54000,31200,EUR,Male
24/08/2017 13:48:17,Cantsay,Austria,Vienna,Backend Developer,1,5,90000,63000,EUR,Male
24/08/2017 13:49:30,TripAdvisor,Ireland,Dublin,Other,3,10,61000,41879,EUR,Male
24/08/2017 13:49:57,Self-Employed,Spain,Madrid,Other,1,>10,130000,95000,EUR,Male
24/08/2017 13:50:19,,Sweden,Gothenburg,Other,3,>10,76600,49097,EUR,Male
24/08/2017 13:50:45,Google,United Kingdom,London,Other,<1,<1,31200,25000,GBP,Male
24/08/2017 13:51:33,,Slovenia,Ljubljana,Other,1,4,36000,30000,EUR,Male
24/08/2017 13:51:49,Redacted,Germany,Baden-Württemberg,Other,2,4,60000,35000,EUR,Male
24/08/2017 13:52:17,YES,Poland,Gdańsk,Other,5,>10,60000,40000,EUR,Male
24/08/2017 13:53:11,,Bulgaria,Sofia,Technical Lead,2,>10,40000,35000,EUR,Male
24/08/2017 13:53:46,,Germany,Saarbrücken,Other,2,5,47400,32500,EUR,Male
24/08/2017 13:54:10,Google,France,Paris,Other,1,<1,53000,40000,EUR,Male
24/08/2017 13:54:56,,Norway,Oslo,Full Stack Developer,2,2,47601,47601,EUR,Male
24/08/2017 13:55:16,,Sweden,Karlskrona,Other,2,6,40630,31281,EUR,Male
24/08/2017 13:56:24,,France,Paris,Other,>5,6,50000,38750,EUR,Male
24/08/2017 13:56:45,,Germany,Berlin,Backend Developer,2,5,55000,32400,EUR,Male
24/08/2017 14:04:25,,Slovakia,Bratislava,Mobile Developer,2,3,28800,25200,EUR,Male
24/08/2017 14:06:19,,Poland,Warsaw,Other,<1,>10,69000,55000,EUR,Male
24/08/2017 14:06:39,,France,Paris,Other,1,1,36000,27720,EUR,Male
24/08/2017 14:12:31,NextVision,Bosnia and Herzegovina,Sarajevo,Other,>5,>10,50000,30000,EUR,Male
24/08/2017 14:12:43,MentorMate,Bulgaria,Sofia,Technical Lead,>5,6,26000,26000,EUR,Male
24/08/2017 14:13:41,,France,Paris,Technical Lead,5,5,53000,39700,EUR,Male
24/08/2017 14:19:39,,Germany,Hamburg,Other,3,10,97000,69000,EUR,Male
24/08/2017 14:20:38,Self-Employed,Italy,Bologna,Software Architect,>5,>10,55000,28000,EUR,Male
24/08/2017 14:21:27,,France,Paris,Other,<1,<1,40000,27000,EUR,Male
24/08/2017 14:22:07,,Netherlands,Amsterdam,Other,2,2,45000,30000,EUR,Male
24/08/2017 14:23:40,,Spain,Badajoz,Project Manager,1,7,16000,14000,EUR,Male
24/08/2017 14:26:32,IBM,Hungary,Budapest,Mobile Developer,3,10,36000,26400,EUR,Male
24/08/2017 14:27:28,,Netherlands,Amsterdam,Backend Developer,1,5,48000,39000,EUR,Female
24/08/2017 14:29:44,,United Kingdom,Glasgow,Other,3,5,43000,32500,GBP,Male
24/08/2017 14:36:50,,Poland,Kraków,Mobile Developer,1,5,174000,100000,PLN,Male
24/08/2017 14:37:42,,Germany,Berlin,Other,<1,>10,70000,46000,EUR,Male
24/08/2017 14:39:40,,France,Paris,Other,<1,<1,25200,19200,EUR,Male
24/08/2017 14:40:19,Beta80 Group,Italy,Milan,Other,2,6,31000,21700,EUR,Male
24/08/2017 14:43:45,,Germany,Berlin,Other,2,4,59000,34000,EUR,Male
24/08/2017 14:43:45,,France,Paris,Other,<1,3,40000,30800,EUR,Male
24/08/2017 14:44:01,,Spain,Murcia,Frontend Developer,4,7,24000,18600,EUR,Male
24/08/2017 14:44:24,,Belgium,Brussels,Other,1,3,34104,23664,EUR,Male
24/08/2017 14:46:35,Beta 80 Group Spa,Italy,Milan,Other,>5,>10,27000,19000,EUR,Male
24/08/2017 14:48:33,,Sweden,Stockholm,Other,1,1,44000,36500,EUR,Male
24/08/2017 14:49:51,,Spain,Madrid,Other,2,5,30000,23000,EUR,Female
24/08/2017 14:49:58,,Netherlands,Amsterdam,Other,3,10,70000,45000,EUR,Male
24/08/2017 14:50:06,,France,Paris,Full Stack Developer,1,2,36000,28800,EUR,Male
24/08/2017 14:53:10,Decerto,Poland,Warsaw,Other,3,9,26675,21059,EUR,Male
24/08/2017 14:54:02,,France,Quimper,Technical Lead,3,5,21600,15000,EUR,Male
24/08/2017 14:55:04,,Finland,Helsinki,Other,2,5,43200,34760,EUR,Male
24/08/2017 14:55:51,Luxoft,Poland,Warsaw,Other,1,8,51805,41962,EUR,Male
24/08/2017 14:56:15,Virelabs,Finland,Helsinki,Other,5,>10,72000,42000,EUR,Male
24/08/2017 14:57:42,KPN,Netherlands,Amsterdam,Other,1,1,44000,30000,EUR,Male
24/08/2017 14:58:06,,Czech Republic,Prague,Chief Technology Officer (CTO),3,>10,102000,85680,EUR,Male
24/08/2017 15:00:38,,Germany,Berlin,Frontend Developer,4,6,65000,42250,EUR,Male
24/08/2017 15:01:31,,Germany,Düsseldorf,Other,5,8,60000,33000,EUR,Male
24/08/2017 15:02:14,,Italy,Milan,QA/Test Developer,1,5,32000,24000,EUR,Other
24/08/2017 15:02:34,,Spain,Madrid,Full Stack Developer,1,4,30000,23000,EUR,Male
24/08/2017 15:03:00,Apple,France,Paris,Other,3,>10,77000,47000,EUR,Male
24/08/2017 15:03:01,,France,Mulhouse,Other,>5,10,40000,28800,EUR,Male
24/08/2017 15:03:33,,Finland,Tampere,Other,<1,1,29000,22000,EUR,Male
24/08/2017 15:04:35,,Germany,Berlin,Other,<1,10,90000,50500,EUR,Male
24/08/2017 15:05:57,,Germany,Berlin,Data Scientist,<1,7,85000,46000,EUR,Male
24/08/2017 15:06:10,,United Kingdom,London,Technical Lead,3,9,66000,45750,GBP,Male
24/08/2017 15:07:29,Stendahls,Sweden,Gothenburg,Other,>5,>10,54000,35100,EUR,Male
24/08/2017 15:09:58,,Poland,Poznań,Backend Developer,2,10,30000,22500,EUR,Male
24/08/2017 15:10:48,,Netherlands,Leiden,Other,3,3,16000,14000,EUR,Male
24/08/2017 15:13:52,,Germany,Berlin,Mobile Developer,<1,4,60000,35000,EUR,Male
24/08/2017 15:14:18,Akamai Technologies,United Kingdom,London,Other,3,5,67381,47536,EUR,Male
24/08/2017 15:15:07,,Sweden,Stockholm,Other,2,4,55000,39365,EUR,Male
24/08/2017 15:18:35,,Netherlands,Haarlem,Full Stack Developer,1,2,23040,23040,EUR,Male
24/08/2017 15:19:22,,Romania,Cluj-Napoca,Other,<1,4,34800,24000,EUR,Male
24/08/2017 15:21:45,,Estonia,Tartu,Other,2,2,24000,19000,EUR,Male
24/08/2017 15:24:04,,France,Toulouse,Other,3,9,38000,29400,EUR,Male
24/08/2017 15:24:33,IBM,Germany,Böblingen,Software Architect,>5,>10,70000,39000,EUR,Male
24/08/2017 15:27:27,Altran,Portugal,Lisbon,Other,3,7,23150,16900,EUR,Male
24/08/2017 15:29:01,Self-Employed,Poland,Mazowian,Other,5,10,30000,25000,EUR,Male
24/08/2017 15:33:10,,Italy,Milan,Chief Technology Officer (CTO),5,>10,66000,33000,EUR,Male
24/08/2017 15:33:28,,Italy,Messina,Software Architect,2,>10,40000,29000,EUR,Male
24/08/2017 15:33:58,Sii,Poland,Kraków,Other,1,7,28000,23000,EUR,Male
24/08/2017 15:34:53,,Sweden,Stockholm,Other,1,5,50000,35000,EUR,Male
24/08/2017 15:35:49,,Germany,Nuremberg,Other,5,>10,59000,40000,EUR,Male
24/08/2017 15:36:07,Self-Employed,France,Paris,Mobile Developer,4,8,120000,60000,EUR,Male
24/08/2017 15:36:13,,Germany,Hamburg,Other,>5,>10,52000,35000,EUR,Male
24/08/2017 15:36:50,GFG eCommerce Technologies GmbH,Germany,Berlin,Other,3,10,63000,36400,EUR,Male
24/08/2017 15:37:01,University of Leipzig,Germany,Leipzig,Research Scientist,2,>10,45000,29000,EUR,Male
24/08/2017 15:37:21,,Ireland,Dublin,Other,1,1,32000,26000,EUR,Male
24/08/2017 15:38:06,,Belgium,Antwerp,Data Scientist,2,4,41760,27000,EUR,Male
24/08/2017 15:40:16,,Finland,Helsinki,Other,<1,<1,36000,30000,EUR,Male
24/08/2017 15:40:31,,France,Paris,Other,1,1,38000,29000,EUR,Male
24/08/2017 15:42:18,,Spain,Barcelona,Other,1,2,42000,33100,EUR,Male
24/08/2017 15:42:59,,Germany,Berlin,Technical Lead,<1,7,65000,43200,EUR,Male
24/08/2017 15:44:11,,Spain,Madrid,Frontend Developer,2,7,40000,35000,EUR,Male
24/08/2017 15:45:09,,United Kingdom,London,Systems Software Engineer,2,>10,125000,81468,GBP,Male
24/08/2017 15:45:57,,Germany,Berlin,Chief Technology Officer (CTO),1,10,80000,66000,EUR,Male
24/08/2017 15:46:42,,Belgium,Brussels,Other,5,5,37000,25000,EUR,Male
24/08/2017 15:46:48,Roche,Poland,Warsaw,Technical Lead,3,10,45000,32000,EUR,Male
24/08/2017 15:50:56,,United Kingdom,Sheffield,Graphics/Game Developer,4,4,30000,22500,GBP,Male
24/08/2017 15:51:26,,Netherlands,Haarlem,Technical Lead,>5,>10,54000,33600,EUR,Male
24/08/2017 15:51:46,Atlas Copco Rock Drills AB,Sweden,Örebro,Other,4,5,450000,300000,SEK,Male
24/08/2017 15:52:26,,Sweden,Stockholm,Systems Software Engineer,>5,8,36000,28000,EUR,Male
24/08/2017 15:52:51,Goodgame Studios,Germany,Hamburg,Frontend Developer,1,10,54000,24300,EUR,Male
24/08/2017 15:53:55,,Germany,Berlin,Other,1,5,48000,30000,EUR,Male
24/08/2017 15:54:45,APO,Greece,Athens,Other,4,10,15400,11894,EUR,Male
24/08/2017 15:55:52,,Germany,Berlin,Other,3,>10,54000,31000,EUR,Other
24/08/2017 15:56:10,,United Kingdom,London,Other,2,4,43430,33099,EUR,Male
24/08/2017 15:57:05,NRK,Norway,Oslo,Other,1,2,51500,50000,EUR,Male
24/08/2017 15:57:07,,France,Toulouse,Other,2,2,32500,24000,EUR,Male
24/08/2017 15:58:11,Gilt Groupe,Ireland,Dublin,Other,<1,4,68000,45449,EUR,Male
24/08/2017 15:59:30,,Denmark,Odense,Backend Developer,1,1,47598,30172,EUR,Male
24/08/2017 15:59:38,Skiline GmbH,Austria,Klagenfurt,Software Architect,>5,4,56000,35000,EUR,Male
24/08/2017 15:59:50,,France,Chauray,Full Stack Developer,1,6,43800,33732,EUR,Male
24/08/2017 16:00:15,Sky,United Kingdom,London,Other,2,8,56000,40250,GBP,Male
24/08/2017 16:00:33,,Austria,Wildschönau,Other,2,2,65000,35000,EUR,Male
24/08/2017 16:04:17,,Portugal,Lisbon,Project Manager,>5,10,36000,22000,EUR,Male
24/08/2017 16:05:54,,Slovakia,Bratislava,Other,5,5,30000,20000,EUR,Male
24/08/2017 16:06:16,,Ireland,Dublin,Systems Software Engineer,5,>10,102000,65000,EUR,Male
24/08/2017 16:06:28,,Netherlands,Rotterdam,Other,5,>10,36000,24000,EUR,Male
24/08/2017 16:06:55,,Romania,Bucharest,Other,3,>10,44400,44400,EUR,Male
24/08/2017 16:07:20,Amazon,Germany,Berlin,Full Stack Developer,1,10,65000,33600,EUR,Male
24/08/2017 16:08:30,,Hungary,Budapest,Frontend Developer,5,5,27580,18518,EUR,Male
24/08/2017 16:08:56,rs scan,Belgium,Brussels,Other,5,10,49400,28600,EUR,Male
24/08/2017 16:09:46,,Croatia,Zagreb,Other,2,4,19579,13714,EUR,Male
24/08/2017 16:09:58,,Finland,Helsinki,Other,4,8,55000,36000,EUR,Male
24/08/2017 16:10:17,,Netherlands,Amsterdam,Frontend Developer,2,4,36000,24000,EUR,Male
24/08/2017 16:10:39,,Italy,Bologna,Project Manager,1,1,22100,17550,EUR,Male
24/08/2017 16:11:29,Ivv GmbH,Germany,Hannover,Other,>5,5,50400,41000,EUR,Male
24/08/2017 16:12:32,,Poland,Warsaw,Other,1,3,20000,16000,EUR,Male
24/08/2017 16:13:24,,Bulgaria,Sofia,Other,1,4,28000,22500,EUR,Male
24/08/2017 16:13:35,Cisco Norway,Norway,Norway,QA/Test Developer,1,1,56697,39121,EUR,Male
24/08/2017 16:15:10,Amazon,United Kingdom,London,Other,1,1,63000,40540,GBP,Male
24/08/2017 16:15:23,Perflectie,Netherlands,Utrecht,Other,2,3,40000,28800,EUR,Male
24/08/2017 16:17:41,Auto1,Germany,Berlin,Mobile Developer,<1,4,55000,37200,EUR,Male
24/08/2017 16:18:35,,United Kingdom,London,Full Stack Developer,3,5,53000,38519,GBP,Male
24/08/2017 16:19:58,,Sweden,Stockholm,Other,>5,8,50480,37865,EUR,Male
24/08/2017 16:24:19,Government,Netherlands,Utrecht,Other,1,1,35000,28000,EUR,Male
24/08/2017 16:26:05,DXC Technology,Spain,Aviles,Other,<1,<1,18000,15000,EUR,Male
24/08/2017 16:27:37,Self-Employed,France,Paris,Full Stack Developer,3,6,63000,49000,EUR,Male
24/08/2017 16:34:36,,Germany,Berlin,Other,<1,>10,65000,45000,EUR,Male
24/08/2017 16:43:31,mytaxi,Germany,Hamburg,Systems Software Engineer,2,3,55000,38000,EUR,Male
24/08/2017 16:49:14,,Belgium,Louvain-la-Neuve,Software Architect,>5,8,45600,27845,EUR,Male
24/08/2017 16:50:59,,United Kingdom,Bristol,Other,<1,>10,33000,26000,GBP,Male
24/08/2017 16:52:31,,Sweden,Stockholm,Frontend Developer,1,>10,48000,32000,EUR,Male
24/08/2017 16:53:54,,United Kingdom,London,Other,1,3,54275,36524,EUR,Male
24/08/2017 16:54:46,,France,Paris,Full Stack Developer,1,1,40000,30800,EUR,Male
24/08/2017 16:55:09,Coorpacademy,France,Paris,Other,2,5,59000,48000,EUR,Male
24/08/2017 16:55:47,,Italy,Turin,Other,3,3,21500,17000,EUR,Male
24/08/2017 16:57:44,,United Kingdom,London,Full Stack Developer,1,1,35000,27000,GBP,Female
24/08/2017 16:59:40,,Latvia,Riga,Other,1,3,20000,15000,EUR,Male
24/08/2017 17:03:04,Jigsaw.xyz,United Kingdom,London,Other,1,1,43000,38000,EUR,Male
24/08/2017 17:19:08,CGI,United Kingdom,Leatherhead,Other,1,1,28000,20000,GBP,Male
24/08/2017 17:19:14,,United Kingdom,Manchester,Other,1,6,42000,31000,EUR,Male
24/08/2017 17:20:00,,France,Paris,Other,1,10,50000,37800,EUR,Male
24/08/2017 17:21:39,,United Kingdom,London,Other,2,9,141000,72000,EUR,Male
24/08/2017 17:23:50,,France,Paris,Other,<1,<1,26000,20000,EUR,Male
24/08/2017 17:23:54,Zalando,Germany,Berlin,Frontend Developer,2,5,60000,36000,EUR,Male
24/08/2017 17:26:24,,Slovenia,Novo Mesto,Other,1,1,18000,12000,EUR,Male
24/08/2017 17:26:34,,Spain,Barcelona,Other,1,4,25000,19000,EUR,Male
24/08/2017 17:27:02,,United Kingdom,Leeds,Other,2,>10,60000,45000,EUR,Male
24/08/2017 17:27:07,,United Kingdom,London,Full Stack Developer,1,3,41000,30000,EUR,Female
24/08/2017 17:27:43,,France,Paris,Cloud Engineer,1,3,50500,38000,EUR,Male
24/08/2017 17:28:51,DR,Spain,Valladolid,Other,2,>10,26000,20000,EUR,Male
24/08/2017 17:29:59,Valtech,Sweden,Stockholm,Other,2,2,504000,352000,SEK,Male
24/08/2017 17:30:24,,United Kingdom,Horsham,Other,3,3,32000,23532,GBP,Male
24/08/2017 17:30:33,,Hungary,Budapest,Other,>5,10,32000,15000,EUR,Male
24/08/2017 17:30:46,,Romania,Bucharest,Full Stack Developer,1,3,26666,18000,EUR,Male
24/08/2017 17:33:57,,Finland,Helsinki,Chief Technology Officer (CTO),1,5,36000,26000,EUR,Male
24/08/2017 17:34:52,,France,Paris,Data Scientist,<1,<1,45000,33750,EUR,Male
24/08/2017 17:35:08,,Netherlands,Eindhoven,Technical Lead,<1,3,32400,24800,EUR,Male
24/08/2017 17:35:19,Self-Employed,Belgium,Brussels,Other,>5,>10,110000,75000,EUR,Male
24/08/2017 17:35:38,,Austria,Vienna,Other,2,9,40000,28000,EUR,Male
24/08/2017 17:36:34,,Norway,Oslo,Full Stack Developer,1,1,53000,33920,EUR,Male
24/08/2017 17:36:45,Amazon,United Kingdom,London,Other,<1,3,60000,40000,EUR,Male
24/08/2017 17:37:11,,United Kingdom,Manchester,Other,<1,5,38000,30000,GBP,Male
24/08/2017 17:37:25,Murex,France,Paris,Other,2,2,47300,34000,EUR,Male
24/08/2017 17:38:05,,Spain,Madrid,Other,2,7,43000,31000,EUR,Male
24/08/2017 17:40:42,,United Kingdom,London,Mobile Developer,1,4,57500,37554,GBP,Male
24/08/2017 17:41:01,Google,Switzerland,Zürich,Other,1,1,102000,80000,EUR,Male
24/08/2017 17:41:16,Ericsson,Sweden,Karlskrona,Other,1,1,33500,25000,EUR,Male
24/08/2017 17:41:45,Parity,Germany,Berlin,Systems Software Engineer,<1,5,60000,45000,EUR,Male
24/08/2017 17:41:45,,Germany,Munich,Graphics/Game Developer,1,4,44400,26880,EUR,Male
24/08/2017 17:41:46,,Italy,Bolzano,Other,5,10,48000,30000,EUR,Male
24/08/2017 17:42:05,,United Kingdom,London,DevOps,1,8,80000,50000,GBP,Male
24/08/2017 17:42:39,Capgemini,United Kingdom,Inverness,Security Specialist,1,1,18000,17000,GBP,Male
24/08/2017 17:42:47,,France,Paris,Technical Lead,1,3,45000,34000,EUR,Male
24/08/2017 17:44:07,Check24,Germany,Munich,Full Stack Developer,1,5,49000,30000,EUR,Male
24/08/2017 17:44:22,University of Bonn,Germany,Bonn,Research Scientist,3,5,54000,38000,EUR,Male
24/08/2017 17:45:07,,Czech Republic,Prague,Other,4,8,55000,40000,EUR,Male
24/08/2017 17:45:43,,Austria,Graz,Other,4,7,48000,30460,EUR,Male
24/08/2017 17:47:41,,United Kingdom,England,Other,3,5,30000,23000,EUR,Male
24/08/2017 17:48:32,,Netherlands,Amsterdam,Data Scientist,2,<1,42000,30000,EUR,Male
24/08/2017 17:48:45,,United Kingdom,London,Other,<1,>10,95000,80000,GBP,Male
24/08/2017 17:49:06,,Sweden,Stockholm,Other,3,4,70000,46200,EUR,Male
24/08/2017 17:49:56,,Estonia,Tallinn,Other,2,7,53900,42000,EUR,Male
24/08/2017 17:51:51,,Spain,Vitoria-Gasteiz,Project Manager,>5,>10,42000,35000,EUR,Male
24/08/2017 17:52:43,,Romania,Iasi,Software Architect,2,9,35000,28000,EUR,Male
24/08/2017 17:52:53,,Romania,Timisora,Other,1,6,25000,20000,EUR,Male
24/08/2017 17:53:10,MedTech,Ireland,Dublin,Chief Technology Officer (CTO),2,>10,80000,45000,EUR,Male
24/08/2017 17:53:24,Alkemics,France,Paris,Other,2,4,65000,48000,EUR,Male
24/08/2017 17:53:40,,Croatia,Varaždin,Other,1,6,28000,19200,EUR,Male
24/08/2017 17:54:33,,Denmark,Aarhus,Other,>5,9,77000,46000,EUR,Male
24/08/2017 17:54:43,,United Kingdom,London,Technical Lead,<1,5,55000,39600,GBP,Male
24/08/2017 17:54:57,ABB,Switzerland,Bern,Embedded Systems Engineer,<1,<1,90000,65000,EUR,Male
24/08/2017 17:56:26,,United Kingdom,Brighton,Other,1,4,32540,24501,EUR,Male
24/08/2017 17:56:34,,Spain,Barcelona,Other,1,7,43000,32400,EUR,Male
24/08/2017 17:57:06,,Germany,Nuremberg,Other,>5,>10,72000,42000,EUR,Female
24/08/2017 17:57:18,Veritas Technologies LLC,United Kingdom,Reading,Other,<1,3,35000,25000,GBP,Male
24/08/2017 17:57:42,,United Kingdom,Glasgow,Other,2,5,35000,27000,GBP,Male
24/08/2017 17:57:54,,Germany,Berlin,Other,1,10,60000,39600,EUR,Male
24/08/2017 17:58:36,,Denmark,Kolding,Frontend Developer,1,2,39000,25000,EUR,Male
24/08/2017 17:58:44,,Romania,Cluj-Napoca,Other,5,6,53000,37000,EUR,Male
24/08/2017 18:00:18,,Germany,Berlin,Frontend Developer,1,3,50000,30000,EUR,Male
24/08/2017 18:01:41,Guidewire,Ireland,Dublin,Other,5,7,47000,33612,EUR,Male
24/08/2017 18:01:44,CodinGame,France,Montpellier,Other,1,1,28000,22000,EUR,Male
24/08/2017 18:02:45,,Germany,Karlsruhe,Project Manager,2,9,77000,50000,EUR,Male
24/08/2017 18:03:40,,France,Paris,Technical Lead,4,4,50000,50000,EUR,Male
24/08/2017 18:03:41,,France,Lyon,Full Stack Developer,5,5,30000,24000,EUR,Male
24/08/2017 18:04:40,,France,Paris,Chief Technology Officer (CTO),<1,10,50000,38500,EUR,Male
24/08/2017 18:04:54,CAST Consulting,France,Paris,Other,<1,2,44000,37500,EUR,Male
24/08/2017 18:05:15,,Greece,Athens,Technical Lead,>5,>10,62000,36000,EUR,Male
24/08/2017 18:05:41,,France,Paris,Data Scientist,1,1,36000,25000,EUR,Male
24/08/2017 18:06:21,Axis,Sweden,Lund,Other,3,5,38000,28000,EUR,Male
24/08/2017 18:08:14,Saxo Bank,Denmark,Copenhagen,Other,1,6,142800,85680,EUR,Male
24/08/2017 18:08:30,,Estonia,Tallinn,Other,3,9,38340,30000,EUR,Male
24/08/2017 18:09:16,,France,Paris,Software Architect,>5,>10,64000,50000,EUR,Male
24/08/2017 18:11:36,SAAS company,Ireland,Dublin,Systems Software Engineer,<1,<1,35000,28600,EUR,Male
24/08/2017 18:13:24,,France,Paris,Technical Lead,4,4,40000,30900,EUR,Male
24/08/2017 18:14:54,Cyfrowa Foto Sp. z o.o.,Poland,Rzeszów,Other,2,2,16000,12700,EUR,Male
24/08/2017 18:20:00,,Romania,Bucharest,Other,1,10,50000,35000,EUR,Male
24/08/2017 18:20:02,,Czech Republic,Brno,Other,<1,2,19100,13700,EUR,Male
24/08/2017 18:20:33,,Estonia,Tallinn,Other,3,3,30000,24000,EUR,Male
24/08/2017 18:21:40,,France,Paris,Other,2,2,45000,34000,EUR,Male
24/08/2017 18:22:05,,United Kingdom,London,Other,1,1,43380,32500,EUR,Male
24/08/2017 18:22:41,Renault,France,Guyancourt,DevOps,<1,>10,70000,50000,EUR,Male
24/08/2017 18:23:29,,United Kingdom,London,Full Stack Developer,<1,5,55000,39800,EUR,Male
24/08/2017 18:23:36,,Germany,Berlin,Chief Technology Officer (CTO),1,>10,75000,50000,EUR,Male
24/08/2017 18:24:59,,Estonia,Tallinn,Other,<1,4,8500,6500,EUR,Male
24/08/2017 18:25:35,,Finland,Tampere,Frontend Developer,2,2,38000,29000,EUR,Male
24/08/2017 18:25:57,,Serbia,Belgrade,Chief Technology Officer (CTO),4,>10,30000,25000,EUR,Male
24/08/2017 18:26:13,Spotify,Sweden,Stockholm,Other,3,7,250000,170000,EUR,Female
24/08/2017 18:26:43,SpareBank 1,Norway,Oslo,Other,1,4,70518,45833,EUR,Male
24/08/2017 18:27:00,,Finland,Oulu,Other,1,10,57000,35000,EUR,Male
24/08/2017 18:27:10,THALES Services,France,Toulouse,Other,<1,1,33000,25000,EUR,Male
24/08/2017 18:27:46,Zalando,Germany,Berlin,Other,1,3,51000,30336,EUR,Male
24/08/2017 18:29:01,,Sweden,Gothenburg,Other,1,5,516000,366000,SEK,Male
24/08/2017 18:30:36,,France,Paris,Systems Software Engineer,1,3,42000,36000,EUR,Male
24/08/2017 18:33:12,,United Kingdom,London,Chief Technology Officer (CTO),<1,>10,185000,110000,EUR,Male
24/08/2017 18:33:58,,Ireland,Dublin,Technical Lead,4,7,90000,110000,EUR,Male
24/08/2017 18:34:00,Daimler TSS,Germany,Stuttgart,Other,<1,4,72000,38000,EUR,Male
24/08/2017 18:35:28,,United Kingdom,London,Full Stack Developer,1,7,90000,52000,EUR,Male
24/08/2017 18:36:39,,France,Paris,Other,5,5,100000,74000,EUR,Male
24/08/2017 18:36:59,,Ireland,Dublin,Other,4,4,33000,26400,EUR,Male
24/08/2017 18:37:58,Criteo,France,Paris,Other,4,7,84000,70000,EUR,Male
24/08/2017 18:38:22,rP,Poland,Kraków,Other,2,5,60000,43000,EUR,Male
24/08/2017 18:40:14,,Germany,Aachen,Other,1,1,50000,30000,EUR,Male
24/08/2017 18:42:49,,Sweden,Stockholm,Backend Developer,4,8,53000,38000,EUR,Male
24/08/2017 18:45:07,Life Science inc.,Serbia,Belgrade,Designer,5,>10,36000,33000,EUR,Male
24/08/2017 18:45:15,Leonteq,Switzerland,Zürich,Other,<1,>10,130000,105000,CHF,Male
24/08/2017 18:45:32,,Germany,Hamburg,Other,2,3,60000,40000,EUR,Male
24/08/2017 18:45:57,,Germany,Berlin,Technical Lead,2,10,75000,43000,EUR,Male
24/08/2017 18:46:04,,Netherlands,Amsterdam,Systems Software Engineer,<1,>10,90000,52000,EUR,Male
24/08/2017 18:46:29,Amazon,Ireland,Dublin,Systems Software Engineer,<1,2,70000,54000,EUR,Male
24/08/2017 18:46:50,Tractable Ltd,United Kingdom,London,Other,1,10,75000,65000,EUR,Male
24/08/2017 18:47:51,Air Liquide,France,Paris,Data Scientist,3,10,65000,50000,EUR,Male
24/08/2017 18:49:33,,Germany,Berlin,Project Manager,4,>10,82000,50000,EUR,Male
24/08/2017 18:50:25,Booking.com,Netherlands,Amsterdam,Frontend Developer,<1,4,61800,4800,EUR,Male
24/08/2017 18:51:27,,Poland,Poznań,DevOps,2,>10,36000,24000,EUR,Male
24/08/2017 18:53:04,Kainos,United Kingdom,Belfast,Other,5,5,50000,55000,EUR,Male
24/08/2017 18:53:27,Xpand-It,Portugal,Lisbon,Other,2,2,16000,14000,EUR,Male
24/08/2017 18:54:25,Civil Servant,Greece,Athens,Other,>5,<1,120000,112000,EUR,Other
24/08/2017 18:54:41,,France,Paris,Other,2,8,42792,33600,EUR,Male
24/08/2017 18:55:18,Unleashed/Mobile Vikings,Belgium,Hasselt,Other,1,1,27000,20000,EUR,Male
24/08/2017 18:55:45,,Austria,Vienna,Full Stack Developer,2,2,41000,28321,EUR,Male
24/08/2017 18:56:08,,Italy,Milan,Frontend Developer,2,>10,30000,24000,EUR,Male
24/08/2017 18:56:39,,Poland,Wroclaw,Other,3,3,20000,14000,EUR,Male
24/08/2017 18:56:57,Airbus,United Kingdom,England,Other,1,10,42000,35000,EUR,Male
24/08/2017 18:57:42,,Poland,Warsaw,Software Architect,3,>10,56000,41000,EUR,Male
24/08/2017 18:57:49,,United Kingdom,Dorset,Other,3,8,44600,31800,GBP,Male
24/08/2017 18:58:42,,Finland,Helsinki,Full Stack Developer,2,8,51250,34000,EUR,Male
24/08/2017 18:58:49,Retail POS,Lithuania,Lithuania,QA/Test Developer,1,5,40000,31000,EUR,Male
24/08/2017 18:59:18,,Germany,Dresden,Other,1,7,54000,30000,EUR,Male
24/08/2017 18:59:39,Deutsche Telekom AG,Germany,Hamburg,Systems Software Engineer,3,5,50000,28000,EUR,Male
24/08/2017 18:59:59,,Norway,Bodø,DevOps,1,7,52000,35600,EUR,Male
24/08/2017 19:03:14,,United Kingdom,London,Project Manager,5,>10,110000,70000,GBP,Male
24/08/2017 19:03:24,,Austria,Klagenfurt,Project Manager,>5,>10,75000,48000,EUR,Male
24/08/2017 19:03:38,,Croatia,Pula,Full Stack Developer,<1,6,200000,150000,HRK,Male
24/08/2017 19:04:25,,Portugal,Lisbon,Other,2,5,40000,20000,EUR,Male
24/08/2017 19:04:53,,Netherlands,Maastricht,Frontend Developer,1,8,40000,33800,EUR,Male
24/08/2017 19:06:56,,Slovenia,Ljubljana,Technical Lead,1,7,42000,25000,EUR,Male
24/08/2017 19:07:32,,Finland,Helsinki,Other,2,>10,75000,48000,EUR,Male
24/08/2017 19:08:39,,Germany,Mannheim,Other,2,2,47500,30000,EUR,Male
24/08/2017 19:08:48,,Poland,Kraków,Other,>5,10,37700,26500,EUR,Male
24/08/2017 19:12:50,,Finland,Helsinki,Full Stack Developer,5,>10,60000,42000,EUR,Male
24/08/2017 19:13:03,,Slovenia,Koper,Other,3,>10,35000,22000,EUR,Male
24/08/2017 19:13:04,,Netherlands,Eindhoven,Software Architect,>5,>10,82000,47000,EUR,Male
24/08/2017 19:13:08,,United Kingdom,Cambridge,Data Scientist,1,1,38000,29000,EUR,Male
24/08/2017 19:13:29,,Ireland,Dublin,Data Scientist,<1,2,50000,50000,EUR,Male
24/08/2017 19:13:42,,Denmark,Copenhagen,Other,2,9,87500,87500,EUR,Male
24/08/2017 19:14:40,,Germany,Frankfurt,Full Stack Developer,1,7,50600,34720,EUR,Male
24/08/2017 19:14:49,,Germany,Berlin,Other,1,8,75000,49320,EUR,Male
24/08/2017 19:14:55,,United Kingdom,London,Full Stack Developer,<1,2,45000,31000,GBP,Male
24/08/2017 19:16:30,PTV,Germany,Karlsruhe,Other,3,6,48000,30000,EUR,Male
24/08/2017 19:16:59,Capgemini,France,Toulouse,Other,2,2,38000,27300,EUR,Female
24/08/2017 19:18:18,,Greece,Athens,DevOps,1,6,43400,27524,EUR,Male
24/08/2017 19:18:36,Honda,United Kingdom,London,Other,5,>10,100000,70000,EUR,Male
24/08/2017 19:20:12,Danske Bank,Lithuania,Vilnius,DevOps,2,>10,47500,38000,EUR,Male
24/08/2017 19:20:15,,Finland,Helsinki,Frontend Developer,1,3,50000,33000,EUR,Male
24/08/2017 19:22:58,Corporater,Norway,Stavanger,Other,2,>10,95000,63000,EUR,Male
24/08/2017 19:23:28,,Poland,Warsaw,Other,<1,4,22500,17000,EUR,Male
24/08/2017 19:25:47,,United Kingdom,London,Other,2,2,50000,50000,EUR,Male
24/08/2017 19:25:56,,Germany,Hamburg,Other,<1,<1,36000,27000,EUR,Male
24/08/2017 19:27:25,Infogene,France,Paris,R&D Engineer,2,2,35000,26250,EUR,Female
24/08/2017 19:33:49,,Romania,Sibiu,Other,>5,>10,38000,30000,EUR,Male
24/08/2017 19:34:19,,Sweden,Gothenburg,Other,3,5,44000,29000,EUR,Male
24/08/2017 19:36:23,,Denmark,Copenhagen,Other,<1,10,92000,56500,EUR,Male
24/08/2017 19:38:06,Sony Interactive Entertainment Europe,United Kingdom,London,System Administrator,3,3,46000,46000,GBP,Male
24/08/2017 19:41:40,,Sweden,Malmö,Backend Developer,2,6,47641,34777,EUR,Male
24/08/2017 19:43:02,Google,United Kingdom,London,Other,3,5,85000,55000,GBP,Male
24/08/2017 19:44:08,Check24,Germany,Munich,Full Stack Developer,<1,3,50000,33000,EUR,Male
24/08/2017 19:45:40,,United Kingdom,Lincoln,Project Manager,>5,>10,40000,30000,GBP,Male
24/08/2017 19:46:01,,Spain,Barcelona,Backend Developer,<1,9,43000,34500,EUR,Male
24/08/2017 19:48:11,,Italy,Milan,System Administrator,>5,>10,48000,32000,EUR,Male
24/08/2017 19:48:45,,Sweden,Malmö,Other,2,2,41204,31176,EUR,Male
24/08/2017 19:52:21,,France,Marseille,Other,2,3,34000,25600,EUR,Male
24/08/2017 19:52:46,,Poland,Kraków,Frontend Developer,<1,3,28000,21000,EUR,Male
24/08/2017 19:54:32,,Germany,Berlin,Other,<1,<1,45000,27600,EUR,Male
24/08/2017 19:55:19,,Italy,Turin,Mobile Developer,1,3,30000,21000,EUR,Male
24/08/2017 19:55:57,P&H,United Kingdom,Brighton,Other,1,>10,55000,38000,GBP,Male
24/08/2017 19:56:14,,United Kingdom,Manchester,Other,>5,>10,43000,30000,EUR,Male
24/08/2017 20:01:09,,Portugal,Lisbon,Technical Lead,2,5,30000,24000,EUR,Male
24/08/2017 20:07:44,,Portugal,Lisbon,Other,3,>10,66000,38000,EUR,Male
24/08/2017 20:12:49,FlexTrade,United Kingdom,London,Other,3,3,50000,40000,GBP,Male
24/08/2017 20:12:55,,Germany,Berlin,Backend Developer,3,3,40000,24000,EUR,Male
24/08/2017 20:13:25,intuit,United Kingdom,London,Other,>5,>10,210000,185000,EUR,Male
24/08/2017 20:14:06,Self-Employed,Greece,Athens,Full Stack Developer,5,>10,50000,35000,EUR,Male
24/08/2017 20:14:21,,Netherlands,The Hague,Other,>5,>10,75000,50000,EUR,Male
24/08/2017 20:17:22,,Germany,Freiburg,Other,<1,2,70000,40000,EUR,Male
24/08/2017 20:17:28,Roima Intelligence Inc,Finland,Pori,Other,>5,8,42000,30000,EUR,Male
24/08/2017 20:19:37,bwin,Austria,Vienna,Other,2,6,52000,34000,EUR,Other
24/08/2017 20:21:15,,Spain,Seville,Other,1,>10,57600,34500,EUR,Male
24/08/2017 20:23:29,IGSoft,Bulgaria,Sofia,Systems Software Engineer,<1,10,42000,36000,EUR,Male
24/08/2017 20:29:21,IGSoft,Bulgaria,Sofia,Systems Software Engineer,<1,10,42000,36000,EUR,Male
24/08/2017 20:31:20,Theodo,France,Paris,Frontend Developer,1,3,40000,30804,EUR,Male
24/08/2017 20:33:08,,Bosnia and Herzegovina,Sarajevo,Other,2,10,36000,22500,EUR,Male
24/08/2017 20:33:19,BAM,France,Paris,Other,<1,<1,20000,19500,EUR,Male
24/08/2017 20:33:59,,Belgium,Leuven,Other,1,1,30000,22000,EUR,Male
24/08/2017 20:37:58,Profi-Data,Poland,Szczecin,Other,>5,8,24000,17000,EUR,Male
24/08/2017 20:46:20,KPIT Technologies,Germany,Munich,Software Architect,1,10,80000,52000,EUR,Male
24/08/2017 20:48:16,,United Kingdom,London,Technical Lead,5,>10,65000,44500,EUR,Male
24/08/2017 20:48:37,,Slovenia,Ptuj,Technical Lead,1,>10,42000,30000,EUR,Male
24/08/2017 20:49:08,,Germany,Dortmund,Other,3,3,45000,27000,EUR,Male
24/08/2017 20:52:28,,Germany,Berlin,Software Architect,2,>10,70000,46000,EUR,Male
24/08/2017 20:53:13,,Spain,Barcelona,Backend Developer,<1,3,50000,33400,EUR,Female
24/08/2017 20:54:09,,Romania,Bucharest,Technical Lead,>5,10,45000,25000,EUR,Male
24/08/2017 20:55:54,,Austria,Innsbruck,Other,3,>10,45000,30000,EUR,Male
24/08/2017 20:58:15,,Poland,Warsaw,Database Administrator,<1,2,24800,22500,EUR,Male
24/08/2017 21:02:25,,Finland,Vaasa,Other,5,5,31200,21840,EUR,Male
24/08/2017 21:03:07,,Belgium,Brussels,Other,>5,10,52000,30000,EUR,Male
24/08/2017 21:08:16,Unipart,United Kingdom,London,Other,2,5,50000,40000,EUR,Male
24/08/2017 21:08:39,,United Kingdom,London,Technical Lead,1,>10,90000,59980,GBP,Male
24/08/2017 21:09:51,,Netherlands,Amsterdam,Technical Lead,4,10,70000,45000,EUR,Male
24/08/2017 21:12:55,,Belgium,Ghent,Designer,1,4,38400,19200,EUR,Male
24/08/2017 21:15:18,Accenture,United Kingdom,London,Other,1,1,30000,22500,GBP,Male
24/08/2017 21:19:57,,Netherlands,Amsterdam,Backend Developer,1,3,40000,30000,EUR,Male
24/08/2017 21:22:46,Toucan Toco,France,Paris,Other,3,4,51000,38520,EUR,Male
24/08/2017 21:25:31,,France,Paris,Systems Software Engineer,<1,4,48300,36000,EUR,Male
24/08/2017 21:28:55,,Latvia,Riga,Other,>5,9,22000,13000,EUR,Male
24/08/2017 21:31:17,,Spain,Barcelona,Other,2,>10,35000,26500,EUR,Male
24/08/2017 21:31:54,,Germany,Berlin,Technical Lead,2,5,83000,56000,EUR,Male
24/08/2017 21:36:24,Roche,Poland,Warsaw,Mobile Developer,3,7,50000,41000,EUR,Male
24/08/2017 21:38:41,,Netherlands,Amsterdam,Full Stack Developer,<1,10,63500,39000,EUR,Male
24/08/2017 21:39:11,Amazon,United Kingdom,London,Other,1,1,48500,38800,EUR,Male
24/08/2017 21:41:03,Dropbox,Ireland,Dublin,Other,3,10,99500,66000,EUR,Male
24/08/2017 21:49:58,,France,Nantes,Other,2,2,32000,24636,EUR,Male
24/08/2017 21:49:59,,Germany,Berlin,Research Scientist,<1,1,44000,27000,EUR,Male
24/08/2017 21:50:22,HERE,Germany,Berlin,Other,4,10,75000,43000,EUR,Male
24/08/2017 21:50:23,Diso AG,Switzerland,Bern,Other,1,3,80000,60000,EUR,Male
24/08/2017 21:50:54,,Germany,Berlin,Data Engineer,1,1,63000,36000,EUR,Male
24/08/2017 21:52:25,Project-A,Germany,Berlin,Data Scientist,2,2,55000,32500,EUR,Male
24/08/2017 21:52:37,,Germany,Hamburg,Other,1,6,57000,38166,EUR,Male
24/08/2017 21:59:08,,Lithuania,Kaunas,Frontend Developer,3,6,22700,16800,EUR,Male
24/08/2017 22:00:46,,United Kingdom,London,Technical Lead,2,5,100000,66000,GBP,Male
24/08/2017 22:03:32,,Denmark,Copenhagen,Other,4,>10,135380,83000,EUR,Male
24/08/2017 22:04:50,,Germany,Berlin,Other,1,2,45000,25500,EUR,Male
24/08/2017 22:08:57,,Italy,Bergamo,Mobile Developer,1,2,25000,18000,EUR,Male
24/08/2017 22:10:20,,Finland,Helsinki,Other,2,4,51000,40000,EUR,Male
24/08/2017 22:14:13,,Italy,Rome,Data Scientist,1,4,33000,18000,EUR,Male
24/08/2017 22:19:56,,Lithuania,Vilnius,Mobile Developer,3,5,48000,36000,EUR,Male
24/08/2017 22:29:45,,Netherlands,Amsterdam,Other,2,10,96000,55300,EUR,Male
24/08/2017 22:30:19,,Netherlands,Amsterdam,Other,>5,>10,250000,195000,EUR,Male
24/08/2017 22:35:40,,Germany,Berlin,Other,1,5,55000,33000,EUR,Male
24/08/2017 22:37:44,,Germany,Berlin,Mobile Developer,1,4,55000,33000,EUR,Male
24/08/2017 22:37:56,,Finland,Turku,Full Stack Developer,3,4,37000,25000,EUR,Male
24/08/2017 22:39:56,Alten,Spain,Valladolid,Other,1,5,25500,21000,EUR,Male
24/08/2017 22:51:00,,France,Paris,Full Stack Developer,2,5,70000,54000,EUR,Male
24/08/2017 22:53:22,Booking.com,Netherlands,Amsterdam,Other,1,7,65000,54000,EUR,Male
24/08/2017 22:59:41,,Germany,Berlin,Mobile Developer,1,4,60000,33000,EUR,Male
24/08/2017 23:03:00,,France,Paris,Other,2,6,49200,32646,EUR,Male
24/08/2017 23:08:44,,Romania,Bucharest,Frontend Developer,1,5,36000,31411,EUR,Male
24/08/2017 23:09:15,,Serbia,Belgrade,Frontend Developer,<1,4,36000,33000,EUR,Female
24/08/2017 23:19:50,,Romania,Bucharest,Other,<1,6,38200,32100,EUR,Male
24/08/2017 23:24:55,Facebook,Ireland,Dublin,Data Scientist,4,8,120000,75000,EUR,Male
24/08/2017 23:25:12,,Hungary,Budapest,Other,1,10,27600,18550,EUR,Male
24/08/2017 23:26:08,,Austria,Vienna,Chief Technology Officer (CTO),>5,10,69000,43000,EUR,Male
24/08/2017 23:26:57,HPE,Ireland,Galway,Cloud Engineer,3,5,49050,34200,EUR,Male
24/08/2017 23:31:49,Government,United Kingdom,London,Other,1,10,48000,30000,GBP,Male
24/08/2017 23:33:12,,Sweden,Stockholm,Full Stack Developer,4,4,47901,33531,EUR,Male
24/08/2017 23:34:10,IBM,United Kingdom,Hampshire,Other,>5,>10,65000,35000,EUR,Male
24/08/2017 23:44:39,,United Kingdom,London,Other,1,1,46000,32000,EUR,Male
24/08/2017 23:46:23,,United Kingdom,London,Other,1,1,43638,30160,EUR,Male
24/08/2017 23:54:04,,Switzerland,Graubünden,Other,<1,1,62000,53000,EUR,Male
24/08/2017 23:56:30,Catalysts,Austria,Linz,Other,3,7,47000,30000,EUR,Male
24/08/2017 23:57:42,,United Kingdom,Glasgow,Other,3,6,70000,50000,EUR,Male
25/08/2017 00:00:02,Amaya,Malta,Msida,Frontend Developer,1,10,36000,26000,EUR,Male
25/08/2017 00:01:16,Irish Life,Ireland,Dublin,Software Architect,>5,>10,100000,600000,EUR,Male
25/08/2017 00:01:59,,Portugal,Lisbon,Other,2,3,22000,16000,EUR,Male
25/08/2017 00:09:22,,United Kingdom,Basingstoke,Other,1,2,32000,25000,EUR,Male
25/08/2017 00:10:04,Incentro,Netherlands,Utrecht,Other,1,1,33000,24000,EUR,Male
25/08/2017 00:12:35,Booking.com,Netherlands,Amsterdam,Frontend Developer,<1,8,61800,48000,EUR,Male
25/08/2017 00:14:26,,Germany,Munich,Other,2,8,75000,42000,EUR,Male
25/08/2017 00:20:59,Hedge Fund,United Kingdom,London,Other,2,2,54000,39000,EUR,Male
25/08/2017 00:38:49,,Finland,Helsinki,Technical Lead,3,5,54000,33000,EUR,Male
25/08/2017 00:44:52,,Portugal,Lisbon,Other,1,2,22500,19000,EUR,Male
25/08/2017 00:56:11,,Hungary,Budapest,System Administrator,1,3,18000,12000,EUR,Male
25/08/2017 01:22:19,,United Kingdom,London,System Administrator,1,7,120000,85000,GBP,Male
25/08/2017 01:25:11,,Bulgaria,Sofia,Other,>5,10,43700,37400,EUR,Male
25/08/2017 01:29:18,,Sweden,Gothenburg,Other,5,6,35400,27000,EUR,Male
25/08/2017 01:36:13,Fusioneer,Ireland,Dublin,Backend Developer,2,5,46000,32400,EUR,Male
25/08/2017 01:47:58,,Italy,Turin,Full Stack Developer,1,7,60000,35000,EUR,Male
25/08/2017 02:45:46,,United Kingdom,London,Other,<1,5,83500,56943,EUR,Male
25/08/2017 02:47:37,,United Kingdom,London,R&D Engineer,1,5,77570,52068,EUR,Male
25/08/2017 03:07:19,Publicis Groupe,France,Paris,Data Scientist,1,2,55000,42000,EUR,Female
25/08/2017 03:57:26,EPITECH,France,Paris,Product Manager,2,>10,115000,103000,EUR,Male
25/08/2017 04:21:11,,Austria,Vienna,Other,>5,>10,28000,18000,EUR,Male
25/08/2017 05:15:12,,United Kingdom,London,Other,2,3,65000,45000,GBP,Male
25/08/2017 07:04:29,Ticketswap,Netherlands,Amsterdam,Other,1,7,60000,50000,EUR,Male
25/08/2017 07:44:09,HPE,Romania,Cluj-Napoca,Other,1,2,22000,18400,EUR,Male
25/08/2017 08:03:04,,Netherlands,Amsterdam,Other,5,5,31000,21000,EUR,Male
25/08/2017 08:10:42,,Switzerland,Zug,Full Stack Developer,<1,5,94000,80000,EUR,Male
25/08/2017 08:16:35,,Norway,Oslo,Other,1,>10,700000,460000,NOK,Male
25/08/2017 08:22:15,,Lithuania,Vilnius,Other,4,10,47000,36000,EUR,Male
25/08/2017 08:32:32,,Estonia,Tallinn,Software Architect,>5,9,29000,22700,EUR,Male
25/08/2017 08:36:40,,Romania,Cluj-Napoca,Other,2,2,18000,13600,EUR,Female
25/08/2017 08:45:41,,Italy,Veneto,Designer,5,9,39000,26000,EUR,Male
25/08/2017 08:46:47,AtoS Hungary,Hungary,Budapest,Other,<1,1,20000,13250,EUR,Male
25/08/2017 08:56:30,Amazon,United Kingdom,London,Other,1,5,47000,36000,GBP,Male
25/08/2017 09:01:39,,Germany,Munich,Software Architect,<1,6,120000,65000,EUR,Male
25/08/2017 09:03:21,,Italy,Milan,Full Stack Developer,1,6,28000,21000,EUR,Male
25/08/2017 09:14:27,,Netherlands,Amsterdam,DevOps,2,>10,70000,50000,EUR,Male
25/08/2017 09:16:57,,Germany,Berlin,Other,<1,3,70000,47000,EUR,Male
25/08/2017 09:27:08,,Italy,Catania,Mobile Developer,1,2,14000,10000,EUR,Male
25/08/2017 09:27:24,Thoughtworks,Germany,Berlin,Other,2,5,68000,40000,EUR,Male
25/08/2017 09:35:55,Cutii,France,Lille,Full Stack Developer,1,2,34800,26900,EUR,Male
25/08/2017 09:37:40,,Germany,Hamburg,DevOps,1,10,72000,40000,EUR,Male
25/08/2017 09:42:11,,United Kingdom,Leeds,Other,2,7,52000,33000,GBP,Male
25/08/2017 09:52:24,Cluster Reply,Italy,Trieste,Other,5,6,34000,27200,EUR,Male
25/08/2017 09:53:42,,Ireland,Cork,Mobile Developer,3,>10,36000,26400,EUR,Male
25/08/2017 10:09:06,,Bulgaria,Sofiq,Frontend Developer,2,6,39000,30000,EUR,Male
25/08/2017 10:11:35,,Germany,Chemnitz,Other,<1,<1,42000,25800,EUR,Male
25/08/2017 10:19:43,,Sweden,Malmö,Other,2,7,60555,41713,EUR,Male
25/08/2017 10:19:58,Hedge Fund,United Kingdom,London,Other,<1,4,82000,56000,EUR,Male
25/08/2017 10:23:29,Kurt Geiger,United Kingdom,London,Full Stack Developer,<1,<1,38048,29438,EUR,Female
25/08/2017 10:32:36,,Germany,Berlin,Frontend Developer,1,4,50000,50000,EUR,Male
25/08/2017 10:39:49,,Bulgaria,Sofia,Other,2,3,27600,23333,EUR,Male
25/08/2017 10:40:36,,Germany,Berlin,Mobile Developer,1,5,56000,30000,EUR,Male
25/08/2017 10:42:17,,Romania,Cluj-Napoca,Mobile Developer,1,5,60000,30000,EUR,Male
25/08/2017 11:01:28,,Denmark,Copenhagen,Technical Lead,2,6,100000,55600,EUR,Male
25/08/2017 11:13:58,,Romania,Cluj-Napoca,Research Scientist,3,3,22800,17040,EUR,Female
25/08/2017 11:21:36,,France,Paris,Chief Technology Officer (CTO),3,5,66000,51000,EUR,Male
25/08/2017 11:22:04,KPMG,Germany,Frankfurt,Other,1,6,44400,29000,EUR,Male
25/08/2017 11:30:30,,France,Rennes,Other,3,6,31000,25000,EUR,Male
25/08/2017 11:30:41,,Greece,Athens,DevOps,1,>10,44000,36000,EUR,Male
25/08/2017 11:44:38,,Luxembourg,Luxembourg,Chief Technology Officer (CTO),>5,>10,50000,37000,EUR,Male
25/08/2017 11:45:24,,France,Lyon,Project Manager,4,>10,50000,35000,EUR,Male
25/08/2017 11:53:15,VisualMeta,Germany,Berlin,Other,1,5,49200,34428,EUR,Male
25/08/2017 12:26:52,SE,Spain,Madrid,Research Scientist,<1,<1,16000,14400,EUR,Male
25/08/2017 12:28:28,Allegro,Poland,Poznań,Other,1,3,31000,21000,EUR,Male
25/08/2017 12:57:25,USU,Czech Republic,Brno,Other,1,7,30000,24000,EUR,Male
25/08/2017 14:09:10,,Austria,Graz,Full Stack Developer,2,5,39200,28700,EUR,Male
25/08/2017 14:19:30,,Italy,Florence,Software Architect,>5,10,33000,26000,EUR,Male
25/08/2017 14:30:29,,Romania,Bucharest,Other,>5,10,24000,15000,EUR,Male
25/08/2017 14:32:34,,Germany,Baden-Württemberg,Frontend Developer,1,3,44000,26000,EUR,Male
25/08/2017 14:44:22,Feedzai,Portugal,Lisbon,Other,2,2,19500,16250,EUR,Male
25/08/2017 15:14:13,,United Kingdom,Glasgow,Other,3,7,15000,15000,EUR,Male
25/08/2017 15:32:13,,Netherlands,Amsterdam,Other,3,10,56000,45500,EUR,Male
25/08/2017 15:37:15,Feedzai,Portugal,Lisbon,Other,<1,<1,22680,16480,EUR,Male
25/08/2017 15:40:49,,Lithuania,Vilnius,DevOps,3,6,48000,36000,EUR,Male
25/08/2017 16:06:33,,Italy,Turin,Full Stack Developer,1,6,27000,23000,EUR,Male
25/08/2017 16:19:41,,Netherlands,Amsterdam,Software Architect,3,10,40000,25000,EUR,Male
25/08/2017 16:40:11,,Italy,Catania,Frontend Developer,2,7,26500,21000,EUR,Male
25/08/2017 16:45:26,Aviva,Ireland,Dublin,Other,<1,1,60000,40000,EUR,Male
25/08/2017 17:29:25,Xm. Com,Cyprus,Limassol,Other,1,5,48000,36000,EUR,Male
25/08/2017 17:52:14,,Norway,Oslo,Other,2,2,81000,51000,EUR,Male
25/08/2017 18:06:06,,Romania,Bucharest,Security Specialist,<1,3,78000,43200,EUR,Male
25/08/2017 19:27:52,Skandiabanken,Norway,Bergen,Systems Software Engineer,2,4,61700,44400,EUR,Male
25/08/2017 19:49:05,,Lithuania,Vilnius,Mobile Developer,2,4,39500,30000,EUR,Male
25/08/2017 19:52:46,,Luxembourg,Luxembourg,Backend Developer,1,8,63000,50000,EUR,Male
25/08/2017 19:57:52,,Romania,Cluj-Napoca,Mobile Developer,<1,<1,18500,15444,EUR,Male
25/08/2017 20:16:04,,France,Paris,R&D Engineer,1,1,39000,29256,EUR,Male
25/08/2017 21:50:35,,Greece,Athens,Other,>5,>10,30000,17000,EUR,Male
25/08/2017 22:03:09,Leica Geosystems AG,Switzerland,St. Gallen,Other,4,>10,92000,69553,EUR,Male
25/08/2017 22:15:17,,Germany,Berlin,Backend Developer,2,4,62000,37200,EUR,Male
25/08/2017 22:52:47,,Germany,Berlin,Other,1,5,60000,35000,EUR,Male
25/08/2017 22:53:53,,Serbia,Belgrade,Other,1,4,40800,21000,EUR,Male
25/08/2017 22:54:55,,Sweden,Stockholm,Other,<1,6,50500,40000,EUR,Male
26/08/2017 00:25:59,,Austria,Vienna,Other,3,>10,57400,35000,EUR,Male
26/08/2017 06:49:49,,Bulgaria,Sofia,Technical Lead,1,5,36000,24000,EUR,Male
26/08/2017 07:10:55,Adswizz,Romania,Bucharest,Other,3,>10,62000,60000,EUR,Male
26/08/2017 09:20:11,,Ireland,Cork,Backend Developer,3,>10,39000,30000,EUR,Male
26/08/2017 10:04:53,Finleap,Germany,Berlin,Technical Lead,1,8,85000,49000,EUR,Male
26/08/2017 10:07:23,,Switzerland,Zürich,Other,<1,2,90000,70000,EUR,Male
26/08/2017 10:32:12,,United Kingdom,London,Other,1,5,59640,39000,EUR,Male
26/08/2017 11:18:47,Netlight,Sweden,Stockholm,Other,1,3,48000,32800,EUR,Male
26/08/2017 11:31:34,,Netherlands,Amsterdam,Other,2,4,60000,45000,EUR,Male
26/08/2017 11:52:24,,United Kingdom,London,Software Architect,1,10,58000,37799,GBP,Male
26/08/2017 12:35:45,,Germany,Munich,Mobile Developer,2,8,75000,49000,EUR,Male
26/08/2017 13:20:20,,Germany,Munich,Other,3,7,116000,62000,EUR,Male